Date,Description,Amount
20/04/2026,Online Transfer from CHK ...9921,500.00
28/04/2026,Interest Paid,13.74
20/05/2026,Online Transfer from CHK ...9921,500.00
28/05/2026,Interest Paid,10.00
20/06/2026,Online Transfer from CHK ...9921,500.00
28/06/2026,Interest Paid,10.57
20/07/2026,Online Transfer from CHK ...9921,500.00
28/07/2026,Interest Paid,13.82
20/08/2026,Online Transfer from CHK ...9921,500.00
28/08/2026,Interest Paid,13.84
20/09/2026,Online Transfer from CHK ...9921,500.00
28/09/2026,Interest Paid,10.46
