Date,Description,Card Member,Account #,Amount
04/07/2026,APPLE.COM/BILL 866-712-7753 CA,ALEX DOE,-41007,2.99
04/07/2026,ADOBE *CREATIVE CLOUD,ALEX DOE,-41007,59.99
04/15/2026,TARGET 00012345,ALEX DOE,-41007,71.34
04/15/2026,GEICO *AUTO,ALEX DOE,-41007,132.50
04/18/2026,TARGET 00012345,ALEX DOE,-41007,107.84
04/20/2026,COSTCO WHSE #0479,ALEX DOE,-41007,148.22
04/22/2026,AUTOPAY PAYMENT - THANK YOU,ALEX DOE,-41007,-683.48
04/27/2026,DOORDASH*THAI TOWN,ALEX DOE,-41007,39.82
05/03/2026,COSTCO WHSE #0479,ALEX DOE,-41007,61.66
05/04/2026,TRADER JOE'S #123 LOS ANGELES CA,ALEX DOE,-41007,106.23
05/07/2026,APPLE.COM/BILL 866-712-7753 CA,ALEX DOE,-41007,2.99
05/07/2026,ADOBE *CREATIVE CLOUD,ALEX DOE,-41007,59.99
05/09/2026,TARGET 00012345,ALEX DOE,-41007,42.86
05/09/2026,TICKETMASTER,ALEX DOE,-41007,186.00
05/11/2026,COSTCO WHSE #0479,ALEX DOE,-41007,131.14
05/15/2026,GEICO *AUTO,ALEX DOE,-41007,132.50
05/22/2026,AUTOPAY PAYMENT - THANK YOU,ALEX DOE,-41007,-399.97
06/07/2026,COSTCO WHSE #0479,ALEX DOE,-41007,33.76
06/07/2026,APPLE.COM/BILL 866-712-7753 CA,ALEX DOE,-41007,2.99
06/07/2026,ADOBE *CREATIVE CLOUD,ALEX DOE,-41007,59.99
06/15/2026,GEICO *AUTO,ALEX DOE,-41007,132.50
06/20/2026,TRADER JOE'S #123 LOS ANGELES CA,ALEX DOE,-41007,69.18
06/21/2026,TARGET 00012345,ALEX DOE,-41007,93.44
06/22/2026,AUTOPAY PAYMENT - THANK YOU,ALEX DOE,-41007,-562.65
06/24/2026,TRADER JOE'S #123 LOS ANGELES CA,ALEX DOE,-41007,86.71
07/02/2026,TRADER JOE'S #123 LOS ANGELES CA,ALEX DOE,-41007,98.98
07/06/2026,COSTCO WHSE #0479,ALEX DOE,-41007,90.31
07/07/2026,APPLE.COM/BILL 866-712-7753 CA,ALEX DOE,-41007,2.99
07/07/2026,ADOBE *CREATIVE CLOUD,ALEX DOE,-41007,59.99
07/12/2026,COSTCO WHSE #0479,ALEX DOE,-41007,138.12
07/15/2026,GEICO *AUTO,ALEX DOE,-41007,132.50
07/22/2026,AUTOPAY PAYMENT - THANK YOU,ALEX DOE,-41007,-623.46
08/07/2026,APPLE.COM/BILL 866-712-7753 CA,ALEX DOE,-41007,2.99
08/07/2026,ADOBE *CREATIVE CLOUD,ALEX DOE,-41007,59.99
08/15/2026,GEICO *AUTO,ALEX DOE,-41007,132.50
08/20/2026,TARGET 00012345 RETURN,ALEX DOE,-41007,-34.99
08/22/2026,AUTOPAY PAYMENT - THANK YOU,ALEX DOE,-41007,-362.18
08/23/2026,TARGET 00012345,ALEX DOE,-41007,20.59
08/25/2026,DOORDASH*THAI TOWN,ALEX DOE,-41007,62.23
08/29/2026,TRADER JOE'S #123 LOS ANGELES CA,ALEX DOE,-41007,32.47
09/02/2026,COSTCO WHSE #0479,ALEX DOE,-41007,107.58
09/02/2026,DOORDASH*THAI TOWN,ALEX DOE,-41007,45.62
09/07/2026,APPLE.COM/BILL 866-712-7753 CA,ALEX DOE,-41007,2.99
09/07/2026,ADOBE *CREATIVE CLOUD,ALEX DOE,-41007,59.99
09/09/2026,TRADER JOE'S #123 LOS ANGELES CA,ALEX DOE,-41007,74.82
09/11/2026,COSTCO WHSE #0479,ALEX DOE,-41007,135.76
09/15/2026,DOORDASH*THAI TOWN,ALEX DOE,-41007,62.33
09/15/2026,GEICO *AUTO,ALEX DOE,-41007,132.50
09/22/2026,AUTOPAY PAYMENT - THANK YOU,ALEX DOE,-41007,-373.53
09/27/2026,DOORDASH*THAI TOWN,ALEX DOE,-41007,59.80
