Transaction Date,Post Date,Description,Category,Type,Amount,Memo
09/29/2026,09/30/2026,TST* BLUE RIBBON SUSHI,Food & Drink,Sale,-29.59,
09/26/2026,09/27/2026,WHOLEFDS NOH 10245,Groceries,Sale,-94.52,
09/26/2026,09/27/2026,Payment Thank You-Mobile,,Payment,1532.91,
09/25/2026,09/26/2026,TST* BLUE RIBBON SUSHI,Food & Drink,Sale,-32.43,
09/22/2026,09/23/2026,STARBUCKS STORE 08712,Food & Drink,Sale,-17.61,
09/19/2026,09/20/2026,WHOLEFDS NOH 10245,Groceries,Sale,-64.31,
09/19/2026,09/20/2026,AMAZON MKTPL*2K4LP9QX1,Shopping,Sale,-92.79,
09/19/2026,09/20/2026,PLANET FITNESS CLUB FEE,Health & Wellness,Sale,-24.99,
09/17/2026,09/18/2026,TST* BLUE RIBBON SUSHI,Food & Drink,Sale,-32.94,
09/13/2026,09/14/2026,SHELL OIL 57444,Gas,Sale,-54.07,
09/12/2026,09/13/2026,WHOLEFDS NOH 10245,Groceries,Sale,-144.63,
09/11/2026,09/12/2026,CHIPOTLE 1123,Food & Drink,Sale,-29.59,
09/11/2026,09/12/2026,SPOTIFY USA,Bills & Utilities,Sale,-11.99,
09/08/2026,09/09/2026,STARBUCKS STORE 08712,Food & Drink,Sale,-17.16,
09/05/2026,09/06/2026,WHOLEFDS NOH 10245,Groceries,Sale,-116.67,
09/03/2026,09/04/2026,AMAZON MKTPL*2K4LP9QX1,Shopping,Sale,-133.22,
09/03/2026,09/04/2026,NETFLIX.COM,Bills & Utilities,Sale,-22.99,
09/02/2026,09/03/2026,UBER *TRIP HELP.UBER.COM,Travel,Sale,-23.65,
09/01/2026,09/02/2026,UBER *TRIP HELP.UBER.COM,Travel,Sale,-30.53,
08/31/2026,09/01/2026,AMAZON MKTPL*2K4LP9QX1,Shopping,Sale,-46.18,
08/30/2026,08/31/2026,AMAZON MKTPL*2K4LP9QX1,Shopping,Sale,-78.36,
08/29/2026,08/30/2026,SWEETGREEN NOHO,Food & Drink,Sale,-9.98,
08/29/2026,08/30/2026,WHOLEFDS NOH 10245,Groceries,Sale,-152.71,
08/29/2026,08/30/2026,SHELL OIL 57444,Gas,Sale,-65.82,
08/27/2026,08/28/2026,STARBUCKS STORE 08712,Food & Drink,Sale,-41.88,
08/26/2026,08/27/2026,Payment Thank You-Mobile,,Payment,1247.71,
08/23/2026,08/24/2026,UBER *TRIP HELP.UBER.COM,Travel,Sale,-34.71,
08/22/2026,08/23/2026,STARBUCKS STORE 08712,Food & Drink,Sale,-43.25,
08/22/2026,08/23/2026,WHOLEFDS NOH 10245,Groceries,Sale,-148.14,
08/22/2026,08/23/2026,UBER *TRIP HELP.UBER.COM,Travel,Sale,-18.10,
08/19/2026,08/20/2026,AMAZON MKTPL*2K4LP9QX1,Shopping,Sale,-33.24,
08/19/2026,08/20/2026,PLANET FITNESS CLUB FEE,Health & Wellness,Sale,-24.99,
08/16/2026,08/17/2026,SWEETGREEN NOHO,Food & Drink,Sale,-35.23,
08/15/2026,08/16/2026,CHIPOTLE 1123,Food & Drink,Sale,-12.47,
08/15/2026,08/16/2026,WHOLEFDS NOH 10245,Groceries,Sale,-69.01,
08/15/2026,08/16/2026,AMAZON MKTPL*2K4LP9QX1,Shopping,Sale,-69.66,
08/14/2026,08/15/2026,AMAZON MKTPL*2K4LP9QX1,Shopping,Sale,-109.63,
08/11/2026,08/12/2026,SPOTIFY USA,Bills & Utilities,Sale,-11.99,
08/10/2026,08/11/2026,CHIPOTLE 1123,Food & Drink,Sale,-39.88,
08/08/2026,08/09/2026,SWEETGREEN NOHO,Food & Drink,Sale,-25.18,
08/08/2026,08/09/2026,WHOLEFDS NOH 10245,Groceries,Sale,-112.86,
08/08/2026,08/09/2026,UBER *TRIP HELP.UBER.COM,Travel,Sale,-40.17,
08/06/2026,08/07/2026,UBER *TRIP HELP.UBER.COM,Travel,Sale,-12.69,
08/03/2026,08/04/2026,NETFLIX.COM,Bills & Utilities,Sale,-22.99,
08/02/2026,08/03/2026,STARBUCKS STORE 08712,Food & Drink,Sale,-36.02,
08/01/2026,08/02/2026,WHOLEFDS NOH 10245,Groceries,Sale,-149.51,
07/31/2026,08/01/2026,CHIPOTLE 1123,Food & Drink,Sale,-18.17,
07/29/2026,07/30/2026,CHIPOTLE 1123,Food & Drink,Sale,-35.96,
07/26/2026,07/27/2026,Payment Thank You-Mobile,,Payment,1324.48,
07/25/2026,07/26/2026,WHOLEFDS NOH 10245,Groceries,Sale,-93.47,
07/23/2026,07/24/2026,SWEETGREEN NOHO,Food & Drink,Sale,-31.48,
07/21/2026,07/22/2026,SWEETGREEN NOHO,Food & Drink,Sale,-5.54,
07/20/2026,07/21/2026,UBER *TRIP HELP.UBER.COM,Travel,Sale,-27.52,
07/19/2026,07/20/2026,PLANET FITNESS CLUB FEE,Health & Wellness,Sale,-24.99,
07/18/2026,07/19/2026,WHOLEFDS NOH 10245,Groceries,Sale,-83.80,
07/18/2026,07/19/2026,MARRIOTT HOTELS SEATTLE,Travel,Sale,-689.13,
07/16/2026,07/17/2026,STARBUCKS STORE 08712,Food & Drink,Sale,-38.45,
07/15/2026,07/16/2026,STARBUCKS STORE 08712,Food & Drink,Sale,-29.25,
07/14/2026,07/15/2026,STARBUCKS STORE 08712,Food & Drink,Sale,-37.43,
07/14/2026,07/15/2026,SHELL OIL 57444,Gas,Sale,-42.88,
07/13/2026,07/14/2026,UBER *TRIP HELP.UBER.COM,Travel,Sale,-40.51,
07/12/2026,07/13/2026,TST* BLUE RIBBON SUSHI,Food & Drink,Sale,-16.97,
07/11/2026,07/12/2026,WHOLEFDS NOH 10245,Groceries,Sale,-81.81,
07/11/2026,07/12/2026,SPOTIFY USA,Bills & Utilities,Sale,-11.99,
07/08/2026,07/09/2026,SWEETGREEN NOHO,Food & Drink,Sale,-33.76,
07/05/2026,07/06/2026,AMAZON MKTPL*2K4LP9QX1,Shopping,Sale,-57.03,
07/04/2026,07/05/2026,WHOLEFDS NOH 10245,Groceries,Sale,-130.09,
07/03/2026,07/04/2026,NETFLIX.COM,Bills & Utilities,Sale,-22.99,
07/02/2026,07/03/2026,TST* BLUE RIBBON SUSHI,Food & Drink,Sale,-34.84,
07/02/2026,07/03/2026,DELTA AIR LINES ATLANTA,Travel,Sale,-412.40,
07/01/2026,07/02/2026,SWEETGREEN NOHO,Food & Drink,Sale,-15.08,
06/27/2026,06/28/2026,WHOLEFDS NOH 10245,Groceries,Sale,-166.97,
06/26/2026,06/27/2026,Payment Thank You-Mobile,,Payment,934.33,
06/25/2026,06/26/2026,TST* BLUE RIBBON SUSHI,Food & Drink,Sale,-7.16,
06/21/2026,06/22/2026,CHIPOTLE 1123,Food & Drink,Sale,-11.34,
06/21/2026,06/22/2026,AMAZON MKTPL*2K4LP9QX1,Shopping,Sale,-137.94,
06/20/2026,06/21/2026,WHOLEFDS NOH 10245,Groceries,Sale,-100.22,
06/19/2026,06/20/2026,PLANET FITNESS CLUB FEE,Health & Wellness,Sale,-24.99,
06/18/2026,06/19/2026,TST* BLUE RIBBON SUSHI,Food & Drink,Sale,-24.01,
06/17/2026,06/18/2026,STARBUCKS STORE 08712,Food & Drink,Sale,-18.07,
06/14/2026,06/15/2026,AMAZON MKTPL*RT88Q1,Shopping,Return,46.20,
06/13/2026,06/14/2026,TST* BLUE RIBBON SUSHI,Food & Drink,Sale,-8.01,
06/13/2026,06/14/2026,WHOLEFDS NOH 10245,Groceries,Sale,-139.71,
06/11/2026,06/12/2026,UBER *TRIP HELP.UBER.COM,Travel,Sale,-24.52,
06/11/2026,06/12/2026,SPOTIFY USA,Bills & Utilities,Sale,-11.99,
06/09/2026,06/10/2026,UBER *TRIP HELP.UBER.COM,Travel,Sale,-29.49,
06/08/2026,06/09/2026,UBER *TRIP HELP.UBER.COM,Travel,Sale,-38.19,
06/06/2026,06/07/2026,CHIPOTLE 1123,Food & Drink,Sale,-14.59,
06/06/2026,06/07/2026,WHOLEFDS NOH 10245,Groceries,Sale,-139.20,
06/05/2026,06/06/2026,AMAZON MKTPL*2K4LP9QX1,Shopping,Sale,-72.25,
06/03/2026,06/04/2026,NETFLIX.COM,Bills & Utilities,Sale,-22.99,
05/31/2026,06/01/2026,STARBUCKS STORE 08712,Food & Drink,Sale,-20.21,
05/30/2026,05/31/2026,WHOLEFDS NOH 10245,Groceries,Sale,-155.53,
05/29/2026,05/30/2026,SWEETGREEN NOHO,Food & Drink,Sale,-30.05,
05/28/2026,05/29/2026,AMAZON MKTPL*2K4LP9QX1,Shopping,Sale,-132.97,
05/26/2026,05/27/2026,UBER *TRIP HELP.UBER.COM,Travel,Sale,-21.34,
05/26/2026,05/27/2026,Payment Thank You-Mobile,,Payment,1421.27,
05/25/2026,05/26/2026,SWEETGREEN NOHO,Food & Drink,Sale,-26.73,
05/23/2026,05/24/2026,WHOLEFDS NOH 10245,Groceries,Sale,-172.67,
05/22/2026,05/23/2026,UBER *TRIP HELP.UBER.COM,Travel,Sale,-36.33,
05/21/2026,05/22/2026,SWEETGREEN NOHO,Food & Drink,Sale,-11.78,
05/20/2026,05/21/2026,CHIPOTLE 1123,Food & Drink,Sale,-26.75,
05/19/2026,05/20/2026,AMAZON MKTPL*2K4LP9QX1,Shopping,Sale,-70.66,
05/19/2026,05/20/2026,PLANET FITNESS CLUB FEE,Health & Wellness,Sale,-24.99,
05/18/2026,05/19/2026,SWEETGREEN NOHO,Food & Drink,Sale,-22.02,
05/16/2026,05/17/2026,STARBUCKS STORE 08712,Food & Drink,Sale,-45.49,
05/16/2026,05/17/2026,WHOLEFDS NOH 10245,Groceries,Sale,-128.36,
05/16/2026,05/17/2026,UBER *TRIP HELP.UBER.COM,Travel,Sale,-13.54,
05/15/2026,05/16/2026,AMAZON MKTPL*2K4LP9QX1,Shopping,Sale,-35.79,
05/13/2026,05/14/2026,STARBUCKS STORE 08712,Food & Drink,Sale,-29.90,
05/11/2026,05/12/2026,SPOTIFY USA,Bills & Utilities,Sale,-11.99,
05/10/2026,05/11/2026,AMAZON MKTPL*2K4LP9QX1,Shopping,Sale,-60.51,
05/09/2026,05/10/2026,WHOLEFDS NOH 10245,Groceries,Sale,-161.84,
05/08/2026,05/09/2026,STARBUCKS STORE 08712,Food & Drink,Sale,-7.18,
05/07/2026,05/08/2026,TST* BLUE RIBBON SUSHI,Food & Drink,Sale,-11.03,
05/06/2026,05/07/2026,STARBUCKS STORE 08712,Food & Drink,Sale,-7.61,
05/04/2026,05/05/2026,TST* BLUE RIBBON SUSHI,Food & Drink,Sale,-15.45,
05/03/2026,05/04/2026,STARBUCKS STORE 08712,Food & Drink,Sale,-41.96,
05/03/2026,05/04/2026,AMAZON MKTPL*2K4LP9QX1,Shopping,Sale,-42.46,
05/03/2026,05/04/2026,NETFLIX.COM,Bills & Utilities,Sale,-22.99,
05/02/2026,05/03/2026,SWEETGREEN NOHO,Food & Drink,Sale,-5.90,
05/02/2026,05/03/2026,WHOLEFDS NOH 10245,Groceries,Sale,-126.47,
05/02/2026,05/03/2026,UBER *TRIP HELP.UBER.COM,Travel,Sale,-32.94,
04/28/2026,04/29/2026,CHIPOTLE 1123,Food & Drink,Sale,-10.52,
04/26/2026,04/27/2026,SWEETGREEN NOHO,Food & Drink,Sale,-42.79,
04/26/2026,04/27/2026,Payment Thank You-Mobile,,Payment,1380.06,
04/25/2026,04/26/2026,SWEETGREEN NOHO,Food & Drink,Sale,-37.79,
04/25/2026,04/26/2026,WHOLEFDS NOH 10245,Groceries,Sale,-124.73,
04/25/2026,04/26/2026,SHELL OIL 57444,Gas,Sale,-48.37,
04/24/2026,04/25/2026,CHIPOTLE 1123,Food & Drink,Sale,-26.83,
04/24/2026,04/25/2026,AMAZON MKTPL*2K4LP9QX1,Shopping,Sale,-92.04,
04/23/2026,04/24/2026,SWEETGREEN NOHO,Food & Drink,Sale,-23.69,
04/22/2026,04/23/2026,AMAZON MKTPL*2K4LP9QX1,Shopping,Sale,-125.25,
04/19/2026,04/20/2026,PLANET FITNESS CLUB FEE,Health & Wellness,Sale,-24.99,
04/18/2026,04/19/2026,WHOLEFDS NOH 10245,Groceries,Sale,-103.44,
04/14/2026,04/15/2026,STARBUCKS STORE 08712,Food & Drink,Sale,-39.62,
04/12/2026,04/13/2026,CHIPOTLE 1123,Food & Drink,Sale,-12.03,
04/11/2026,04/12/2026,SWEETGREEN NOHO,Food & Drink,Sale,-14.01,
04/11/2026,04/12/2026,WHOLEFDS NOH 10245,Groceries,Sale,-92.04,
04/11/2026,04/12/2026,SPOTIFY USA,Bills & Utilities,Sale,-11.99,
04/10/2026,04/11/2026,CHIPOTLE 1123,Food & Drink,Sale,-42.26,
04/09/2026,04/10/2026,UBER *TRIP HELP.UBER.COM,Travel,Sale,-18.06,
04/07/2026,04/08/2026,STARBUCKS STORE 08712,Food & Drink,Sale,-36.38,
04/06/2026,04/07/2026,SWEETGREEN NOHO,Food & Drink,Sale,-9.40,
04/04/2026,04/05/2026,WHOLEFDS NOH 10245,Groceries,Sale,-110.34,
04/03/2026,04/04/2026,CHIPOTLE 1123,Food & Drink,Sale,-15.00,
04/03/2026,04/04/2026,NETFLIX.COM,Bills & Utilities,Sale,-22.99,
04/01/2026,04/02/2026,AMAZON MKTPL*2K4LP9QX1,Shopping,Sale,-47.20,
